,region,product,quantity
0,South East England,oxford shoes,14619950
1,South East England,Red pepper,14608216
2,South East England,large king prawns,14599232
3,South East England,apple macbook pro mid 2009,14592690
4,South East England,aubergine,14581449
5,South East England,mild cheddar cheese,14571368
6,South East England,dyson tower fan,14568419
7,South East England,croisant ,14567750
8,South East England,Spring onions bunch,14564902
9,South East England,Mixed pepper,14559558
10,South East England,easy peeler loose,14557215
11,South East England,garlic,14556839
12,South East England,british parsnips loose,14553697
13,South East England,bosch washing machine,14553409
14,South East England,classic bowtie,14551366
15,South East England,grey cardigan,14549257
16,South East England,salmon fillets,14549077
17,South East England,fresh whole turkey,14548572
18,South East England,minecraft game - xbox,14543812
19,South East England,hp dv 3000 laptop,14540541
20,South East England,pain au chocolate,14540537
21,South East England,blue stilton cheese,14539627
22,South East England,semi skimmed milk,14538985
23,South East England,gameboy color,14538467
24,South East England,celery,14536503
25,South East England,Slightly salted butter,14535768
26,South East England,fresh turkey steak,14534789
27,South East England,pokemon red,14531104
28,South East England,Plain Greek yoghurt,14531081
29,South East England,brenton t-shirt,14530440
30,South East England,Sweet potatoes loose,14529492
31,South East England,pain au raisins,14529370
32,South East England,almond croisant,14527190
33,South East England,Lemon,14527036
34,South East England,Organic Kefir,14518296
35,South East England,Soy Milk,14516856
36,South East England,21 day mature ribeye steak,14515603
37,South East England,samsung washing machine,14515334
38,South East England,linen trousers,14515287
39,South East England,diced chicken breast,14515245
40,South East England,21 day mature sirlion steak,14512490
41,South East England,pokemon yellow,14509052
42,South East England,organic raspberry yoghurt,14507165
43,South East England,british fresh turkey mince,14504827
44,South East England,pink blazers,14504694
45,South East England,Fairtrade Bananas Loose,14504529
46,South East England,organic soured cream,14503525
47,South East England,vernison sausages,14502997
48,South East England,x-box 360,14501969
49,South East England,grey blazers,14500885
50,South East England,silk scarf,14500352
51,South East England,courgette loose,14499714
52,South East England,vanilla yoghurt,14498313
53,South East England,British baking potatoes loose,14497475
54,South East England,21 day mature rump steak,14497348
55,South East England,shortbread,14497332
56,South East England,scottish salmon,14496750
57,South East England,british bramley cooking apples,14496372
58,South East England,fine beans,14495616
59,South East England,hp dv 2000 laptop,14495111
60,South East England,cod fillets,14494354
61,South East England,denim jeams,14494192
62,South East England,corned beef,14488916
63,South East England,wellington boots,14488908
64,South East England,linen shirt,14488344
65,South East England,Brocolli loose,14483172
66,South East England,gaming keyboard,14482844
67,South East England,sea bass fillets,14482144
68,South East England,apple macbook air mid 2009,14480850
69,South East England,hotpoint washing machine,14480509
70,South East England,corn,14479937
71,South East England,macaron - x3,14479559
72,South East England,goat cheese,14479165
73,South East England,flapjack,14478377
74,South East England,rice,14478139
75,South East England,baby potatoes,14477349
76,South East England,hp envy laptop,14475486
77,South East England,white shirt,14475254
78,South East England,free range large eggs x12,14475117
79,South East England,raspberries,14472883
80,South East England,lg washing machine,14470157
81,South East England,Organic mILK,14468697
82,South East England,millionaire square,14466669
83,South East England,play station 3,14466279
84,South East England,skimmed milk,14465148
85,South East England,custard doughnut,14464686
86,South East England,mature cheddar cheese,14463387
87,South East England,pokemon gold,14462287
88,South East England,British carrots loose,14460121
89,South East England,silk tie,14459442
90,South East England,chocolate twist,14458559
91,South East England,british fresh chicken thigh fillets,14457863
92,South East England,dell inspiron laptop,14456284
93,South East England,beans,14456018
94,South East England,pokemon blue,14454824
95,South East England,Blueberry yoghurt,14451234
96,South East England,halo combat evolved,14451071
97,South East England,Almond milk,14450814
98,South East England,denim jacket,14450440
99,South East England,beef sausages,14449151
100,South East England,dyson washing machine,14448611
101,South East England,cheese cake,14445652
102,South East England,plastic sunshades,14444169
103,South East England,beef mince,14444027
104,South East England,oxford shirt,14443300
105,South East England,Oats Milk,14443287
106,South East England,Onions Loose,14438813
107,South East England,cotton tie,14436210
108,South East England,gaming mouse,14436061
109,South East England,red velvet cake,14434307
110,South East England,fresh whole chicken,14432648
111,South East England,olive oil spread,14431404
112,South East England,chicken sausages,14431373
113,South East England,chocolate fudge cake,14426877
114,South East England,jam doughnut,14426870
115,South East England,diced vernison,14426158
116,South East England,brenton jumper,14420633
117,South East England,dual shock controller,14419304
118,South East England,dyson vacuum cleaner,14418372
119,South East England,unsalted butter,14416129
120,South East England,wristwatch,14415671
121,South East England,god of war 2,14410515
122,South East England,british fresh chicken brest fillets,14375029
123,South East England,gameboy advance,14346820
124,Scotland,oxford shoes,13364259
125,Scotland,cotton tie,13340036
126,Scotland,courgette loose,13287947
127,Scotland,brenton t-shirt,13280662
128,Scotland,21 day mature rump steak,13272832
129,Scotland,raspberries,13271828
130,Scotland,dell inspiron laptop,13269547
131,Scotland,denim jacket,13269401
132,Scotland,white shirt,13264630
133,Scotland,garlic,13251790
134,Scotland,play station 3,13251341
135,Scotland,brenton jumper,13250166
136,Scotland,vanilla yoghurt,13244579
137,Scotland,silk scarf,13240666
138,Scotland,large king prawns,13239160
139,Scotland,almond croisant,13237451
140,Scotland,denim jeams,13237267
141,Scotland,Lemon,13233913
142,Scotland,Soy Milk,13231490
143,Scotland,british fresh chicken thigh fillets,13230454
144,Scotland,blue stilton cheese,13228170
145,Scotland,Onions Loose,13226568
146,Scotland,corned beef,13226096
147,Scotland,sea bass fillets,13224710
148,Scotland,beans,13224383
149,Scotland,hotpoint washing machine,13220585
150,Scotland,pain au raisins,13215583
151,Scotland,beef sausages,13215507
152,Scotland,chicken sausages,13215106
153,Scotland,pokemon blue,13213631
154,Scotland,croisant ,13211206
155,Scotland,dyson tower fan,13210137
156,Scotland,hp dv 3000 laptop,13208678
157,Scotland,silk tie,13207825
158,Scotland,halo combat evolved,13207691
159,Scotland,Almond milk,13207629
160,Scotland,British carrots loose,13207435
161,Scotland,rice,13206585
162,Scotland,oxford shirt,13206037
163,Scotland,chocolate fudge cake,13203900
164,Scotland,dyson washing machine,13202595
165,Scotland,baby potatoes,13202225
166,Scotland,minecraft game - xbox,13201324
167,Scotland,cheese cake,13198992
168,Scotland,gameboy color,13198022
169,Scotland,cod fillets,13196984
170,Scotland,fresh whole turkey,13194095
171,Scotland,British baking potatoes loose,13193589
172,Scotland,diced vernison,13191675
173,Scotland,unsalted butter,13188163
174,Scotland,free range large eggs x12,13185572
175,Scotland,chocolate twist,13184316
176,Scotland,olive oil spread,13183475
177,Scotland,Sweet potatoes loose,13183392
178,Scotland,skimmed milk,13177966
179,Scotland,mild cheddar cheese,13175807
180,Scotland,organic raspberry yoghurt,13175212
181,Scotland,british fresh chicken brest fillets,13172829
182,Scotland,x-box 360,13172713
183,Scotland,god of war 2,13171201
184,Scotland,fine beans,13170710
185,Scotland,pokemon yellow,13169487
186,Scotland,vernison sausages,13168818
187,Scotland,Plain Greek yoghurt,13167638
188,Scotland,aubergine,13166137
189,Scotland,grey cardigan,13164131
190,Scotland,fresh turkey steak,13163192
191,Scotland,Spring onions bunch,13161293
192,Scotland,gaming mouse,13157913
193,Scotland,salmon fillets,13156434
194,Scotland,millionaire square,13156383
195,Scotland,Fairtrade Bananas Loose,13155506
196,Scotland,21 day mature sirlion steak,13154582
197,Scotland,jam doughnut,13152631
198,Scotland,pain au chocolate,13150101
199,Scotland,pokemon red,13148142
200,Scotland,dyson vacuum cleaner,13148113
201,Scotland,Brocolli loose,13144679
202,Scotland,shortbread,13143066
203,Scotland,Red pepper,13142908
204,Scotland,british parsnips loose,13142894
205,Scotland,wellington boots,13142386
206,Scotland,Mixed pepper,13141884
207,Scotland,Oats Milk,13141548
208,Scotland,easy peeler loose,13141042
209,Scotland,british fresh turkey mince,13140334
210,Scotland,linen shirt,13140047
211,Scotland,macaron - x3,13134950
212,Scotland,dual shock controller,13134781
213,Scotland,red velvet cake,13134364
214,Scotland,Slightly salted butter,13132747
215,Scotland,grey blazers,13132727
216,Scotland,classic bowtie,13131009
217,Scotland,samsung washing machine,13130584
218,Scotland,21 day mature ribeye steak,13126058
219,Scotland,apple macbook air mid 2009,13125583
220,Scotland,goat cheese,13124220
221,Scotland,semi skimmed milk,13123793
222,Scotland,linen trousers,13123052
223,Scotland,Organic mILK,13116681
224,Scotland,corn,13116500
225,Scotland,lg washing machine,13115943
226,Scotland,Blueberry yoghurt,13115230
227,Scotland,flapjack,13114660
228,Scotland,british bramley cooking apples,13108588
229,Scotland,organic soured cream,13106028
230,Scotland,hp envy laptop,13104994
231,Scotland,hp dv 2000 laptop,13104740
232,Scotland,Organic Kefir,13103955
233,Scotland,apple macbook pro mid 2009,13103869
234,Scotland,celery,13103563
235,Scotland,custard doughnut,13097907
236,Scotland,pokemon gold,13089884
237,Scotland,bosch washing machine,13089092
238,Scotland,fresh whole chicken,13089087
239,Scotland,wristwatch,13086202
240,Scotland,mature cheddar cheese,13077621
241,Scotland,diced chicken breast,13076216
242,Scotland,pink blazers,13075025
243,Scotland,plastic sunshades,13063490
244,Scotland,scottish salmon,13059338
245,Scotland,gameboy advance,13051179
246,Scotland,gaming keyboard,13050727
247,Scotland,beef mince,13042741
248,Wales,Mixed pepper,12270003
249,Wales,sea bass fillets,12230599
250,Wales,minecraft game - xbox,12226305
251,Wales,british fresh turkey mince,12223574
252,Wales,bosch washing machine,12221435
253,Wales,Organic mILK,12218060
254,Wales,chocolate twist,12202188
255,Wales,dyson tower fan,12200930
256,Wales,Brocolli loose,12188774
257,Wales,large king prawns,12188007
258,Wales,corn,12185656
259,Wales,almond croisant,12183669
260,Wales,god of war 2,12181533
261,Wales,olive oil spread,12180431
262,Wales,gaming keyboard,12175884
263,Wales,classic bowtie,12175854
264,Wales,oxford shirt,12174275
265,Wales,Sweet potatoes loose,12171225
266,Wales,organic soured cream,12169805
267,Wales,apple macbook pro mid 2009,12169096
268,Wales,plastic sunshades,12166514
269,Wales,easy peeler loose,12166250
270,Wales,chicken sausages,12165743
271,Wales,silk tie,12163234
272,Wales,fresh whole turkey,12162939
273,Wales,british fresh chicken thigh fillets,12160514
274,Wales,Plain Greek yoghurt,12160273
275,Wales,denim jacket,12159604
276,Wales,British baking potatoes loose,12156989
277,Wales,shortbread,12155872
278,Wales,mature cheddar cheese,12155628
279,Wales,pain au chocolate,12155346
280,Wales,dyson washing machine,12153514
281,Wales,flapjack,12151260
282,Wales,21 day mature sirlion steak,12150705
283,Wales,pokemon red,12150576
284,Wales,diced chicken breast,12150249
285,Wales,fine beans,12148924
286,Wales,gaming mouse,12147252
287,Wales,pain au raisins,12144328
288,Wales,dell inspiron laptop,12143195
289,Wales,blue stilton cheese,12141666
290,Wales,Fairtrade Bananas Loose,12139183
291,Wales,salmon fillets,12138019
292,Wales,british parsnips loose,12136517
293,Wales,scottish salmon,12135643
294,Wales,Soy Milk,12135613
295,Wales,cotton tie,12135286
296,Wales,unsalted butter,12135199
297,Wales,raspberries,12135056
298,Wales,red velvet cake,12134188
299,Wales,brenton jumper,12133795
300,Wales,cheese cake,12133610
301,Wales,Lemon,12126447
302,Wales,aubergine,12125603
303,Wales,Organic Kefir,12124268
304,Wales,pink blazers,12124050
305,Wales,vernison sausages,12123014
306,Wales,skimmed milk,12122622
307,Wales,mild cheddar cheese,12118649
308,Wales,Almond milk,12118409
309,Wales,vanilla yoghurt,12118196
310,Wales,Onions Loose,12117942
311,Wales,pokemon gold,12116967
312,Wales,baby potatoes,12116739
313,Wales,british fresh chicken brest fillets,12116560
314,Wales,Spring onions bunch,12116145
315,Wales,goat cheese,12115779
316,Wales,wristwatch,12115680
317,Wales,linen shirt,12114190
318,Wales,diced vernison,12111540
319,Wales,british bramley cooking apples,12110434
320,Wales,custard doughnut,12110308
321,Wales,grey blazers,12109049
322,Wales,rice,12108837
323,Wales,grey cardigan,12106646
324,Wales,organic raspberry yoghurt,12106434
325,Wales,hotpoint washing machine,12105897
326,Wales,pokemon blue,12104971
327,Wales,fresh whole chicken,12104767
328,Wales,gameboy color,12100956
329,Wales,white shirt,12100878
330,Wales,halo combat evolved,12097519
331,Wales,British carrots loose,12096622
332,Wales,wellington boots,12096307
333,Wales,cod fillets,12095904
334,Wales,oxford shoes,12095057
335,Wales,21 day mature rump steak,12094492
336,Wales,courgette loose,12093843
337,Wales,pokemon yellow,12093467
338,Wales,dyson vacuum cleaner,12090839
339,Wales,denim jeams,12090647
340,Wales,hp dv 3000 laptop,12088110
341,Wales,macaron - x3,12088094
342,Wales,semi skimmed milk,12087733
343,Wales,hp dv 2000 laptop,12086156
344,Wales,lg washing machine,12085100
345,Wales,linen trousers,12084082
346,Wales,jam doughnut,12082538
347,Wales,beef sausages,12079871
348,Wales,gameboy advance,12078023
349,Wales,beef mince,12077256
350,Wales,millionaire square,12075878
351,Wales,free range large eggs x12,12075716
352,Wales,fresh turkey steak,12070856
353,Wales,x-box 360,12070484
354,Wales,corned beef,12068009
355,Wales,silk scarf,12067273
356,Wales,samsung washing machine,12063128
357,Wales,beans,12061911
358,Wales,Red pepper,12058488
359,Wales,brenton t-shirt,12054208
360,Wales,play station 3,12049455
361,Wales,croisant ,12049389
362,Wales,garlic,12048325
363,Wales,21 day mature ribeye steak,12048062
364,Wales,Blueberry yoghurt,12046770
365,Wales,Slightly salted butter,12046315
366,Wales,Oats Milk,12043088
367,Wales,apple macbook air mid 2009,12036362
368,Wales,dual shock controller,12030714
369,Wales,hp envy laptop,12030213
370,Wales,celery,12025328
371,Wales,chocolate fudge cake,12014279
372,East Midlands,Red pepper,10868435
373,East Midlands,millionaire square,10823798
374,East Midlands,almond croisant,10800860
375,East Midlands,garlic,10792299
376,East Midlands,silk tie,10782179
377,East Midlands,fresh whole turkey,10779777
378,East Midlands,linen trousers,10779357
379,East Midlands,plastic sunshades,10772922
380,East Midlands,lg washing machine,10772324
381,East Midlands,dell inspiron laptop,10772204
382,East Midlands,Plain Greek yoghurt,10771113
383,East Midlands,easy peeler loose,10770360
384,East Midlands,Mixed pepper,10764672
385,East Midlands,Onions Loose,10758709
386,East Midlands,aubergine,10748210
387,East Midlands,organic soured cream,10746907
388,East Midlands,samsung washing machine,10744401
389,East Midlands,gaming keyboard,10742927
390,East Midlands,fresh whole chicken,10737305
391,East Midlands,Almond milk,10736973
392,East Midlands,british bramley cooking apples,10736556
393,East Midlands,fine beans,10734389
394,East Midlands,salmon fillets,10734144
395,East Midlands,play station 3,10732270
396,East Midlands,pokemon blue,10731558
397,East Midlands,apple macbook air mid 2009,10729882
398,East Midlands,pokemon gold,10725584
399,East Midlands,linen shirt,10724723
400,East Midlands,chicken sausages,10722390
401,East Midlands,brenton t-shirt,10716732
402,East Midlands,mature cheddar cheese,10716335
403,East Midlands,flapjack,10715530
404,East Midlands,sea bass fillets,10715295
405,East Midlands,pink blazers,10715106
406,East Midlands,Sweet potatoes loose,10714569
407,East Midlands,cod fillets,10712023
408,East Midlands,gaming mouse,10711577
409,East Midlands,dyson washing machine,10710402
410,East Midlands,custard doughnut,10709210
411,East Midlands,shortbread,10707328
412,East Midlands,chocolate fudge cake,10705677
413,East Midlands,corn,10703869
414,East Midlands,cheese cake,10702645
415,East Midlands,wristwatch,10701707
416,East Midlands,god of war 2,10699485
417,East Midlands,21 day mature sirlion steak,10699038
418,East Midlands,beans,10698811
419,East Midlands,olive oil spread,10698453
420,East Midlands,goat cheese,10698203
421,East Midlands,celery,10691718
422,East Midlands,organic raspberry yoghurt,10689409
423,East Midlands,skimmed milk,10689339
424,East Midlands,Spring onions bunch,10689011
425,East Midlands,Organic Kefir,10688766
426,East Midlands,cotton tie,10688499
427,East Midlands,halo combat evolved,10686959
428,East Midlands,chocolate twist,10686010
429,East Midlands,fresh turkey steak,10685394
430,East Midlands,baby potatoes,10684856
431,East Midlands,large king prawns,10682912
432,East Midlands,Fairtrade Bananas Loose,10681626
433,East Midlands,oxford shirt,10680307
434,East Midlands,denim jeams,10680304
435,East Midlands,classic bowtie,10679668
436,East Midlands,diced vernison,10678987
437,East Midlands,British carrots loose,10678599
438,East Midlands,Brocolli loose,10677699
439,East Midlands,rice,10676548
440,East Midlands,apple macbook pro mid 2009,10675924
441,East Midlands,british fresh chicken brest fillets,10675870
442,East Midlands,oxford shoes,10674235
443,East Midlands,pokemon yellow,10674151
444,East Midlands,Slightly salted butter,10673261
445,East Midlands,hp dv 2000 laptop,10672796
446,East Midlands,white shirt,10671674
447,East Midlands,Blueberry yoghurt,10668916
448,East Midlands,macaron - x3,10668262
449,East Midlands,wellington boots,10668070
450,East Midlands,croisant ,10666336
451,East Midlands,brenton jumper,10662595
452,East Midlands,Soy Milk,10661946
453,East Midlands,beef mince,10660944
454,East Midlands,gameboy advance,10659943
455,East Midlands,vernison sausages,10659599
456,East Midlands,21 day mature rump steak,10659307
457,East Midlands,grey cardigan,10657531
458,East Midlands,semi skimmed milk,10656255
459,East Midlands,dyson tower fan,10653547
460,East Midlands,british fresh chicken thigh fillets,10651948
461,East Midlands,blue stilton cheese,10651069
462,East Midlands,x-box 360,10649865
463,East Midlands,free range large eggs x12,10648700
464,East Midlands,mild cheddar cheese,10647680
465,East Midlands,british fresh turkey mince,10647237
466,East Midlands,pain au raisins,10646662
467,East Midlands,hotpoint washing machine,10645406
468,East Midlands,pokemon red,10643823
469,East Midlands,British baking potatoes loose,10643560
470,East Midlands,beef sausages,10643050
471,East Midlands,bosch washing machine,10642534
472,East Midlands,raspberries,10641101
473,East Midlands,Organic mILK,10639238
474,East Midlands,pain au chocolate,10633569
475,East Midlands,jam doughnut,10631402
476,East Midlands,corned beef,10628847
477,East Midlands,unsalted butter,10622587
478,East Midlands,grey blazers,10622571
479,East Midlands,denim jacket,10621968
480,East Midlands,21 day mature ribeye steak,10621384
481,East Midlands,hp envy laptop,10618996
482,East Midlands,scottish salmon,10616940
483,East Midlands,hp dv 3000 laptop,10614295
484,East Midlands,dual shock controller,10612383
485,East Midlands,courgette loose,10612077
486,East Midlands,british parsnips loose,10610597
487,East Midlands,red velvet cake,10607548
488,East Midlands,gameboy color,10607138
489,East Midlands,diced chicken breast,10606941
490,East Midlands,dyson vacuum cleaner,10589534
491,East Midlands,Lemon,10587625
492,East Midlands,Oats Milk,10587453
493,East Midlands,minecraft game - xbox,10585401
494,East Midlands,vanilla yoghurt,10571655
495,East Midlands,silk scarf,10548575
496,London,silk scarf,9073206
497,London,shortbread,9057293
498,London,pain au raisins,9049229
499,London,skimmed milk,9044357
500,London,beans,9043601
501,London,dyson vacuum cleaner,9035080
502,London,vanilla yoghurt,9029960
503,London,Spring onions bunch,9027743
504,London,pain au chocolate,9026956
505,London,corned beef,9025650
506,London,dual shock controller,9021538
507,London,pokemon gold,9020118
508,London,brenton t-shirt,9018857
509,London,organic soured cream,9017768
510,London,cod fillets,9016929
511,London,free range large eggs x12,9016687
512,London,millionaire square,9014990
513,London,almond croisant,9013767
514,London,gameboy color,9013652
515,London,Brocolli loose,9013365
516,London,21 day mature sirlion steak,9010229
517,London,baby potatoes,9010207
518,London,fresh turkey steak,9009458
519,London,oxford shirt,9007555
520,London,celery,9007144
521,London,courgette loose,9003099
522,London,cheese cake,8999584
523,London,pink blazers,8995126
524,London,oxford shoes,8992658
525,London,cotton tie,8990906
526,London,beef mince,8990610
527,London,white shirt,8989714
528,London,olive oil spread,8988712
529,London,british fresh chicken brest fillets,8987930
530,London,gameboy advance,8987215
531,London,organic raspberry yoghurt,8985041
532,London,pokemon red,8984636
533,London,sea bass fillets,8983365
534,London,vernison sausages,8983281
535,London,Plain Greek yoghurt,8983002
536,London,diced chicken breast,8979884
537,London,wellington boots,8979855
538,London,hp envy laptop,8979691
539,London,lg washing machine,8978898
540,London,British carrots loose,8977175
541,London,linen shirt,8975507
542,London,play station 3,8974474
543,London,british bramley cooking apples,8974424
544,London,gaming keyboard,8974147
545,London,Organic Kefir,8974139
546,London,Fairtrade Bananas Loose,8973756
547,London,Soy Milk,8973534
548,London,chocolate fudge cake,8973509
549,London,red velvet cake,8973062
550,London,x-box 360,8972533
551,London,Almond milk,8969568
552,London,British baking potatoes loose,8969540
553,London,fine beans,8969472
554,London,dell inspiron laptop,8969460
555,London,dyson tower fan,8968542
556,London,aubergine,8968467
557,London,grey cardigan,8968309
558,London,british parsnips loose,8968254
559,London,diced vernison,8968006
560,London,macaron - x3,8967638
561,London,Sweet potatoes loose,8967202
562,London,god of war 2,8966704
563,London,mature cheddar cheese,8965985
564,London,easy peeler loose,8965864
565,London,Red pepper,8965841
566,London,samsung washing machine,8963114
567,London,chicken sausages,8960679
568,London,unsalted butter,8959040
569,London,linen trousers,8958684
570,London,classic bowtie,8956956
571,London,croisant ,8956553
572,London,goat cheese,8955718
573,London,wristwatch,8955598
574,London,corn,8954951
575,London,flapjack,8954627
576,London,halo combat evolved,8953902
577,London,custard doughnut,8951485
578,London,21 day mature ribeye steak,8950894
579,London,large king prawns,8950667
580,London,denim jeams,8950405
581,London,silk tie,8948082
582,London,bosch washing machine,8946802
583,London,beef sausages,8945393
584,London,rice,8943737
585,London,pokemon yellow,8942451
586,London,Mixed pepper,8942077
587,London,apple macbook pro mid 2009,8937525
588,London,hp dv 2000 laptop,8936332
589,London,blue stilton cheese,8931841
590,London,garlic,8930645
591,London,mild cheddar cheese,8927928
592,London,denim jacket,8927282
593,London,hotpoint washing machine,8926365
594,London,salmon fillets,8925814
595,London,Slightly salted butter,8924724
596,London,Oats Milk,8923781
597,London,british fresh turkey mince,8923344
598,London,minecraft game - xbox,8922744
599,London,jam doughnut,8917657
600,London,Blueberry yoghurt,8917606
601,London,chocolate twist,8917349
602,London,gaming mouse,8912916
603,London,Lemon,8910075
604,London,hp dv 3000 laptop,8909893
605,London,british fresh chicken thigh fillets,8908377
606,London,dyson washing machine,8906942
607,London,brenton jumper,8906829
608,London,21 day mature rump steak,8906299
609,London,pokemon blue,8905278
610,London,semi skimmed milk,8905136
611,London,raspberries,8904595
612,London,apple macbook air mid 2009,8901377
613,London,fresh whole chicken,8900231
614,London,fresh whole turkey,8897176
615,London,grey blazers,8884994
616,London,plastic sunshades,8883643
617,London,Onions Loose,8876493
618,London,Organic mILK,8859439
619,London,scottish salmon,8839385
620,East of England,Red pepper,8617809
621,East of England,wristwatch,8608545
622,East of England,gameboy color,8600602
623,East of England,halo combat evolved,8594542
624,East of England,fresh turkey steak,8593809
625,East of England,linen shirt,8592515
626,East of England,chocolate twist,8591894
627,East of England,Brocolli loose,8591381
628,East of England,British carrots loose,8583674
629,East of England,Spring onions bunch,8582418
630,East of England,pokemon blue,8578903
631,East of England,sea bass fillets,8578198
632,East of England,classic bowtie,8575112
633,East of England,21 day mature ribeye steak,8573299
634,East of England,oxford shoes,8572518
635,East of England,Oats Milk,8571987
636,East of England,21 day mature rump steak,8571474
637,East of England,mature cheddar cheese,8570467
638,East of England,garlic,8569835
639,East of England,organic soured cream,8569196
640,East of England,dyson vacuum cleaner,8567036
641,East of England,pokemon red,8564700
642,East of England,pokemon gold,8561697
643,East of England,courgette loose,8560065
644,East of England,fine beans,8557334
645,East of England,pain au raisins,8557054
646,East of England,cheese cake,8556657
647,East of England,play station 3,8556070
648,East of England,corn,8555281
649,East of England,Fairtrade Bananas Loose,8552249
650,East of England,gaming keyboard,8551478
651,East of England,goat cheese,8549604
652,East of England,macaron - x3,8549329
653,East of England,hp envy laptop,8545716
654,East of England,Soy Milk,8545347
655,East of England,beans,8542789
656,East of England,dyson washing machine,8540709
657,East of England,diced chicken breast,8540372
658,East of England,bosch washing machine,8539747
659,East of England,corned beef,8538855
660,East of England,denim jacket,8538373
661,East of England,skimmed milk,8537623
662,East of England,hp dv 2000 laptop,8537573
663,East of England,raspberries,8537323
664,East of England,grey cardigan,8534766
665,East of England,british fresh turkey mince,8533256
666,East of England,Lemon,8532731
667,East of England,silk scarf,8531717
668,East of England,flapjack,8530221
669,East of England,scottish salmon,8528950
670,East of England,Plain Greek yoghurt,8528495
671,East of England,semi skimmed milk,8527548
672,East of England,red velvet cake,8527148
673,East of England,croisant ,8523055
674,East of England,beef sausages,8519386
675,East of England,free range large eggs x12,8519082
676,East of England,blue stilton cheese,8518896
677,East of England,millionaire square,8518296
678,East of England,gaming mouse,8517365
679,East of England,unsalted butter,8517175
680,East of England,hotpoint washing machine,8514944
681,East of England,white shirt,8513635
682,East of England,fresh whole chicken,8512511
683,East of England,silk tie,8512404
684,East of England,olive oil spread,8512133
685,East of England,baby potatoes,8511451
686,East of England,dyson tower fan,8510967
687,East of England,brenton jumper,8510294
688,East of England,chocolate fudge cake,8510041
689,East of England,wellington boots,8509980
690,East of England,Slightly salted butter,8509925
691,East of England,british fresh chicken thigh fillets,8508610
692,East of England,Onions Loose,8508374
693,East of England,21 day mature sirlion steak,8507567
694,East of England,cod fillets,8506046
695,East of England,british fresh chicken brest fillets,8505056
696,East of England,oxford shirt,8504820
697,East of England,British baking potatoes loose,8504622
698,East of England,vanilla yoghurt,8499453
699,East of England,custard doughnut,8497607
700,East of England,apple macbook pro mid 2009,8494891
701,East of England,pokemon yellow,8494453
702,East of England,jam doughnut,8493151
703,East of England,dell inspiron laptop,8489173
704,East of England,Sweet potatoes loose,8489044
705,East of England,brenton t-shirt,8487673
706,East of England,british bramley cooking apples,8487004
707,East of England,shortbread,8486032
708,East of England,almond croisant,8485778
709,East of England,pink blazers,8485196
710,East of England,rice,8483703
711,East of England,hp dv 3000 laptop,8483427
712,East of England,god of war 2,8482738
713,East of England,vernison sausages,8482083
714,East of England,samsung washing machine,8481762
715,East of England,fresh whole turkey,8480387
716,East of England,x-box 360,8478563
717,East of England,grey blazers,8477419
718,East of England,celery,8477153
719,East of England,Organic Kefir,8477031
720,East of England,lg washing machine,8475722
721,East of England,denim jeams,8475457
722,East of England,Organic mILK,8474861
723,East of England,salmon fillets,8473903
724,East of England,cotton tie,8473685
725,East of England,large king prawns,8473599
726,East of England,apple macbook air mid 2009,8471770
727,East of England,british parsnips loose,8471208
728,East of England,aubergine,8469739
729,East of England,linen trousers,8469052
730,East of England,beef mince,8467289
731,East of England,plastic sunshades,8461665
732,East of England,chicken sausages,8458319
733,East of England,Almond milk,8455878
734,East of England,Mixed pepper,8455750
735,East of England,Blueberry yoghurt,8452197
736,East of England,mild cheddar cheese,8451800
737,East of England,minecraft game - xbox,8450073
738,East of England,diced vernison,8448285
739,East of England,easy peeler loose,8448029
740,East of England,pain au chocolate,8440238
741,East of England,dual shock controller,8434321
742,East of England,organic raspberry yoghurt,8427587
743,East of England,gameboy advance,8411230
744,West Midlands,mild cheddar cheese,7046060
745,West Midlands,hp dv 3000 laptop,7042073
746,West Midlands,minecraft game - xbox,7037320
747,West Midlands,mature cheddar cheese,7037101
748,West Midlands,Spring onions bunch,7032952
749,West Midlands,linen trousers,7032279
750,West Midlands,Organic Kefir,7024780
751,West Midlands,Almond milk,7024515
752,West Midlands,dyson vacuum cleaner,7022194
753,West Midlands,large king prawns,7020704
754,West Midlands,Oats Milk,7020281
755,West Midlands,pokemon blue,7019689
756,West Midlands,easy peeler loose,7016455
757,West Midlands,god of war 2,7016056
758,West Midlands,gaming mouse,7014829
759,West Midlands,semi skimmed milk,7013677
760,West Midlands,oxford shirt,7011249
761,West Midlands,british bramley cooking apples,7010408
762,West Midlands,dual shock controller,7010042
763,West Midlands,british fresh turkey mince,7008291
764,West Midlands,wellington boots,7007352
765,West Midlands,olive oil spread,7006968
766,West Midlands,goat cheese,7005823
767,West Midlands,classic bowtie,7005778
768,West Midlands,Onions Loose,7005468
769,West Midlands,brenton jumper,7004940
770,West Midlands,skimmed milk,7004757
771,West Midlands,21 day mature ribeye steak,7003907
772,West Midlands,scottish salmon,7002479
773,West Midlands,Organic mILK,7001204
774,West Midlands,beef sausages,6999111
775,West Midlands,hotpoint washing machine,6999103
776,West Midlands,british fresh chicken thigh fillets,6997580
777,West Midlands,fine beans,6997357
778,West Midlands,british fresh chicken brest fillets,6996767
779,West Midlands,Red pepper,6996423
780,West Midlands,macaron - x3,6996142
781,West Midlands,organic soured cream,6995736
782,West Midlands,plastic sunshades,6993473
783,West Midlands,diced chicken breast,6993356
784,West Midlands,apple macbook pro mid 2009,6990568
785,West Midlands,chocolate twist,6988583
786,West Midlands,apple macbook air mid 2009,6987373
787,West Midlands,pain au raisins,6986594
788,West Midlands,beans,6985456
789,West Midlands,fresh whole chicken,6984452
790,West Midlands,vernison sausages,6983856
791,West Midlands,linen shirt,6983418
792,West Midlands,cod fillets,6982799
793,West Midlands,grey blazers,6982187
794,West Midlands,cotton tie,6981865
795,West Midlands,Plain Greek yoghurt,6981804
796,West Midlands,Slightly salted butter,6981698
797,West Midlands,samsung washing machine,6979635
798,West Midlands,garlic,6979610
799,West Midlands,Mixed pepper,6978034
800,West Midlands,diced vernison,6977678
801,West Midlands,halo combat evolved,6977313
802,West Midlands,fresh turkey steak,6977180
803,West Midlands,British baking potatoes loose,6975879
804,West Midlands,Soy Milk,6975232
805,West Midlands,shortbread,6974165
806,West Midlands,play station 3,6974086
807,West Midlands,dyson tower fan,6973563
808,West Midlands,Blueberry yoghurt,6971063
809,West Midlands,Sweet potatoes loose,6970794
810,West Midlands,raspberries,6970658
811,West Midlands,aubergine,6970595
812,West Midlands,pokemon yellow,6970379
813,West Midlands,Brocolli loose,6968391
814,West Midlands,salmon fillets,6965993
815,West Midlands,brenton t-shirt,6965026
816,West Midlands,corned beef,6963549
817,West Midlands,free range large eggs x12,6963249
818,West Midlands,pain au chocolate,6962957
819,West Midlands,21 day mature rump steak,6962799
820,West Midlands,british parsnips loose,6962403
821,West Midlands,unsalted butter,6960726
822,West Midlands,pink blazers,6960451
823,West Midlands,dyson washing machine,6959585
824,West Midlands,pokemon gold,6959440
825,West Midlands,dell inspiron laptop,6959098
826,West Midlands,sea bass fillets,6958352
827,West Midlands,British carrots loose,6958189
828,West Midlands,flapjack,6957792
829,West Midlands,x-box 360,6956674
830,West Midlands,hp dv 2000 laptop,6956607
831,West Midlands,gaming keyboard,6954826
832,West Midlands,beef mince,6954240
833,West Midlands,custard doughnut,6953768
834,West Midlands,wristwatch,6952609
835,West Midlands,white shirt,6951231
836,West Midlands,denim jacket,6950907
837,West Midlands,gameboy advance,6950159
838,West Midlands,chocolate fudge cake,6950087
839,West Midlands,cheese cake,6949793
840,West Midlands,corn,6940571
841,West Midlands,courgette loose,6938637
842,West Midlands,celery,6937156
843,West Midlands,Lemon,6936211
844,West Midlands,gameboy color,6936062
845,West Midlands,croisant ,6934859
846,West Midlands,vanilla yoghurt,6932307
847,West Midlands,lg washing machine,6930341
848,West Midlands,rice,6929644
849,West Midlands,chicken sausages,6929174
850,West Midlands,silk scarf,6927475
851,West Midlands,grey cardigan,6927267
852,West Midlands,silk tie,6926762
853,West Midlands,oxford shoes,6924299
854,West Midlands,jam doughnut,6923152
855,West Midlands,bosch washing machine,6915499
856,West Midlands,pokemon red,6914317
857,West Midlands,blue stilton cheese,6913117
858,West Midlands,organic raspberry yoghurt,6909235
859,West Midlands,21 day mature sirlion steak,6909102
860,West Midlands,millionaire square,6908748
861,West Midlands,red velvet cake,6907888
862,West Midlands,denim jeams,6901905
863,West Midlands,fresh whole turkey,6900544
864,West Midlands,Fairtrade Bananas Loose,6899958
865,West Midlands,baby potatoes,6898937
866,West Midlands,hp envy laptop,6894338
867,West Midlands,almond croisant,6885801
868,North West England,Lemon,6110168
869,North West England,red velvet cake,6103980
870,North West England,british bramley cooking apples,6100020
871,North West England,rice,6099383
872,North West England,beef sausages,6098358
873,North West England,gameboy advance,6088878
874,North West England,Plain Greek yoghurt,6088683
875,North West England,dell inspiron laptop,6088267
876,North West England,goat cheese,6087197
877,North West England,diced vernison,6086526
878,North West England,organic raspberry yoghurt,6082949
879,North West England,beans,6081324
880,North West England,dyson vacuum cleaner,6080370
881,North West England,grey cardigan,6078815
882,North West England,macaron - x3,6078700
883,North West England,halo combat evolved,6076415
884,North West England,pokemon red,6075860
885,North West England,white shirt,6075346
886,North West England,shortbread,6074023
887,North West England,custard doughnut,6072508
888,North West England,wellington boots,6071437
889,North West England,wristwatch,6071358
890,North West England,pokemon yellow,6069159
891,North West England,free range large eggs x12,6068797
892,North West England,vernison sausages,6067385
893,North West England,hotpoint washing machine,6067080
894,North West England,pokemon blue,6064920
895,North West England,brenton jumper,6062345
896,North West England,Organic Kefir,6062162
897,North West England,oxford shirt,6062138
898,North West England,Mixed pepper,6061612
899,North West England,dyson tower fan,6061266
900,North West England,Sweet potatoes loose,6059467
901,North West England,olive oil spread,6057526
902,North West England,british parsnips loose,6057501
903,North West England,minecraft game - xbox,6055638
904,North West England,celery,6054570
905,North West England,denim jeams,6054127
906,North West England,hp envy laptop,6053052
907,North West England,raspberries,6051326
908,North West England,Red pepper,6050835
909,North West England,easy peeler loose,6050636
910,North West England,skimmed milk,6050581
911,North West England,Blueberry yoghurt,6050217
912,North West England,Brocolli loose,6048377
913,North West England,British carrots loose,6048284
914,North West England,play station 3,6047834
915,North West England,chocolate twist,6046784
916,North West England,millionaire square,6046288
917,North West England,Spring onions bunch,6044960
918,North West England,Slightly salted butter,6044731
919,North West England,dual shock controller,6043238
920,North West England,corn,6042407
921,North West England,linen trousers,6038601
922,North West England,x-box 360,6038524
923,North West England,Fairtrade Bananas Loose,6038260
924,North West England,semi skimmed milk,6037889
925,North West England,croisant ,6037876
926,North West England,god of war 2,6037678
927,North West England,gaming keyboard,6036289
928,North West England,pain au chocolate,6035342
929,North West England,gaming mouse,6035149
930,North West England,large king prawns,6034936
931,North West England,british fresh turkey mince,6032166
932,North West England,British baking potatoes loose,6032146
933,North West England,hp dv 3000 laptop,6031362
934,North West England,british fresh chicken brest fillets,6031175
935,North West England,samsung washing machine,6030268
936,North West England,bosch washing machine,6029855
937,North West England,aubergine,6028312
938,North West England,corned beef,6028078
939,North West England,oxford shoes,6027938
940,North West England,mature cheddar cheese,6027533
941,North West England,21 day mature ribeye steak,6027515
942,North West England,silk scarf,6027075
943,North West England,salmon fillets,6027056
944,North West England,pink blazers,6026755
945,North West England,cod fillets,6026628
946,North West England,pokemon gold,6026256
947,North West England,Organic mILK,6026071
948,North West England,flapjack,6025907
949,North West England,garlic,6025315
950,North West England,unsalted butter,6025312
951,North West England,almond croisant,6024291
952,North West England,Almond milk,6024241
953,North West England,diced chicken breast,6022411
954,North West England,beef mince,6021297
955,North West England,21 day mature sirlion steak,6020748
956,North West England,fresh whole chicken,6020255
957,North West England,brenton t-shirt,6019792
958,North West England,21 day mature rump steak,6018757
959,North West England,hp dv 2000 laptop,6018565
960,North West England,linen shirt,6018204
961,North West England,dyson washing machine,6018088
962,North West England,gameboy color,6016257
963,North West England,silk tie,6015958
964,North West England,plastic sunshades,6015861
965,North West England,Onions Loose,6015255
966,North West England,cotton tie,6014699
967,North West England,scottish salmon,6013848
968,North West England,chicken sausages,6013419
969,North West England,vanilla yoghurt,6013303
970,North West England,apple macbook air mid 2009,6011456
971,North West England,fresh whole turkey,6011400
972,North West England,cheese cake,6009482
973,North West England,baby potatoes,6006894
974,North West England,pain au raisins,6006766
975,North West England,sea bass fillets,6006045
976,North West England,courgette loose,6004608
977,North West England,grey blazers,6002303
978,North West England,Soy Milk,6001447
979,North West England,organic soured cream,5998799
980,North West England,apple macbook pro mid 2009,5997005
981,North West England,jam doughnut,5994527
982,North West England,fine beans,5992208
983,North West England,classic bowtie,5991749
984,North West England,fresh turkey steak,5991700
985,North West England,lg washing machine,5989245
986,North West England,denim jacket,5988492
987,North West England,british fresh chicken thigh fillets,5978848
988,North West England,Oats Milk,5974849
989,North West England,chocolate fudge cake,5971105
990,North West England,blue stilton cheese,5969226
991,North West England,mild cheddar cheese,5961542
992,South West England,grey blazers,5090530
993,South West England,skimmed milk,5087450
994,South West England,croisant ,5074314
995,South West England,mature cheddar cheese,5073841
996,South West England,dyson washing machine,5071876
997,South West England,oxford shoes,5070175
998,South West England,unsalted butter,5066582
999,South West England,Oats Milk,5066255
1000,South West England,pokemon yellow,5064239
1001,South West England,british parsnips loose,5063318
1002,South West England,organic soured cream,5062620
1003,South West England,Sweet potatoes loose,5060553
1004,South West England,diced chicken breast,5059891
1005,South West England,hp envy laptop,5058822
1006,South West England,vernison sausages,5056409
1007,South West England,chocolate twist,5055868
1008,South West England,jam doughnut,5054323
1009,South West England,fresh whole turkey,5051076
1010,South West England,apple macbook pro mid 2009,5050851
1011,South West England,pain au raisins,5048662
1012,South West England,British baking potatoes loose,5046906
1013,South West England,Blueberry yoghurt,5044773
1014,South West England,white shirt,5044686
1015,South West England,wellington boots,5042635
1016,South West England,Lemon,5042153
1017,South West England,rice,5042022
1018,South West England,aubergine,5041744
1019,South West England,Almond milk,5041044
1020,South West England,gameboy advance,5040962
1021,South West England,semi skimmed milk,5040655
1022,South West England,sea bass fillets,5036815
1023,South West England,minecraft game - xbox,5036768
1024,South West England,baby potatoes,5036040
1025,South West England,fine beans,5034786
1026,South West England,cod fillets,5034342
1027,South West England,fresh turkey steak,5033589
1028,South West England,21 day mature rump steak,5031594
1029,South West England,x-box 360,5030721
1030,South West England,bosch washing machine,5028395
1031,South West England,dyson vacuum cleaner,5028357
1032,South West England,millionaire square,5026611
1033,South West England,custard doughnut,5026338
1034,South West England,goat cheese,5025993
1035,South West England,dual shock controller,5025904
1036,South West England,lg washing machine,5025728
1037,South West England,macaron - x3,5023904
1038,South West England,british bramley cooking apples,5023685
1039,South West England,oxford shirt,5023576
1040,South West England,salmon fillets,5021549
1041,South West England,Fairtrade Bananas Loose,5021163
1042,South West England,samsung washing machine,5020899
1043,South West England,organic raspberry yoghurt,5020759
1044,South West England,Slightly salted butter,5020411
1045,South West England,vanilla yoghurt,5018923
1046,South West England,almond croisant,5018623
1047,South West England,halo combat evolved,5018156
1048,South West England,linen shirt,5017468
1049,South West England,British carrots loose,5017085
1050,South West England,apple macbook air mid 2009,5016961
1051,South West England,shortbread,5016564
1052,South West England,hp dv 3000 laptop,5015786
1053,South West England,blue stilton cheese,5014225
1054,South West England,Red pepper,5014115
1055,South West England,chicken sausages,5013851
1056,South West England,silk tie,5011626
1057,South West England,raspberries,5011309
1058,South West England,free range large eggs x12,5009990
1059,South West England,denim jacket,5009238
1060,South West England,dyson tower fan,5008284
1061,South West England,grey cardigan,5008038
1062,South West England,Organic Kefir,5008020
1063,South West England,Onions Loose,5007958
1064,South West England,pokemon red,5005921
1065,South West England,pokemon gold,5005518
1066,South West England,courgette loose,5003167
1067,South West England,pink blazers,5000480
1068,South West England,large king prawns,5000006
1069,South West England,fresh whole chicken,4999126
1070,South West England,plastic sunshades,4997412
1071,South West England,21 day mature sirlion steak,4997337
1072,South West England,diced vernison,4997194
1073,South West England,silk scarf,4995309
1074,South West England,beans,4995062
1075,South West England,brenton jumper,4993960
1076,South West England,21 day mature ribeye steak,4993677
1077,South West England,Mixed pepper,4992515
1078,South West England,Soy Milk,4992377
1079,South West England,Spring onions bunch,4992113
1080,South West England,god of war 2,4991960
1081,South West England,british fresh chicken thigh fillets,4991049
1082,South West England,Plain Greek yoghurt,4990822
1083,South West England,pain au chocolate,4989800
1084,South West England,linen trousers,4988553
1085,South West England,cotton tie,4987937
1086,South West England,brenton t-shirt,4987874
1087,South West England,gaming keyboard,4987202
1088,South West England,beef sausages,4986808
1089,South West England,wristwatch,4986301
1090,South West England,chocolate fudge cake,4985157
1091,South West England,classic bowtie,4984618
1092,South West England,pokemon blue,4983950
1093,South West England,Organic mILK,4981860
1094,South West England,easy peeler loose,4979933
1095,South West England,flapjack,4978755
1096,South West England,british fresh chicken brest fillets,4978744
1097,South West England,play station 3,4978193
1098,South West England,gaming mouse,4976003
1099,South West England,cheese cake,4974921
1100,South West England,red velvet cake,4974781
1101,South West England,dell inspiron laptop,4974019
1102,South West England,denim jeams,4973071
1103,South West England,hotpoint washing machine,4972864
1104,South West England,mild cheddar cheese,4971690
1105,South West England,celery,4968446
1106,South West England,hp dv 2000 laptop,4967346
1107,South West England,beef mince,4967311
1108,South West England,garlic,4966833
1109,South West England,corn,4966239
1110,South West England,gameboy color,4964638
1111,South West England,olive oil spread,4964598
1112,South West England,Brocolli loose,4964287
1113,South West England,scottish salmon,4958840
1114,South West England,corned beef,4957138
1115,South West England,british fresh turkey mince,4928343
1116,Yorkshire and the Humber,classic bowtie,4897404
1117,Yorkshire and the Humber,corned beef,4876924
1118,Yorkshire and the Humber,beef mince,4873793
1119,Yorkshire and the Humber,chocolate fudge cake,4869883
1120,Yorkshire and the Humber,cheese cake,4866138
1121,Yorkshire and the Humber,diced vernison,4866024
1122,Yorkshire and the Humber,Fairtrade Bananas Loose,4865151
1123,Yorkshire and the Humber,21 day mature rump steak,4862569
1124,Yorkshire and the Humber,sea bass fillets,4857552
1125,Yorkshire and the Humber,fresh whole turkey,4856582
1126,Yorkshire and the Humber,blue stilton cheese,4853383
1127,Yorkshire and the Humber,british fresh turkey mince,4849841
1128,Yorkshire and the Humber,croisant ,4849608
1129,Yorkshire and the Humber,British baking potatoes loose,4849021
1130,Yorkshire and the Humber,cod fillets,4848363
1131,Yorkshire and the Humber,plastic sunshades,4847859
1132,Yorkshire and the Humber,garlic,4845195
1133,Yorkshire and the Humber,almond croisant,4844803
1134,Yorkshire and the Humber,mild cheddar cheese,4844239
1135,Yorkshire and the Humber,hp dv 3000 laptop,4844118
1136,Yorkshire and the Humber,free range large eggs x12,4842451
1137,Yorkshire and the Humber,British carrots loose,4841877
1138,Yorkshire and the Humber,gaming mouse,4840697
1139,Yorkshire and the Humber,lg washing machine,4838838
1140,Yorkshire and the Humber,corn,4838827
1141,Yorkshire and the Humber,god of war 2,4838501
1142,Yorkshire and the Humber,apple macbook pro mid 2009,4838189
1143,Yorkshire and the Humber,gameboy color,4837103
1144,Yorkshire and the Humber,gameboy advance,4835278
1145,Yorkshire and the Humber,celery,4834623
1146,Yorkshire and the Humber,bosch washing machine,4833331
1147,Yorkshire and the Humber,Plain Greek yoghurt,4833085
1148,Yorkshire and the Humber,cotton tie,4831581
1149,Yorkshire and the Humber,Organic mILK,4830049
1150,Yorkshire and the Humber,british fresh chicken brest fillets,4828777
1151,Yorkshire and the Humber,Slightly salted butter,4828023
1152,Yorkshire and the Humber,denim jeams,4827656
1153,Yorkshire and the Humber,minecraft game - xbox,4827511
1154,Yorkshire and the Humber,beef sausages,4827061
1155,Yorkshire and the Humber,organic raspberry yoghurt,4825975
1156,Yorkshire and the Humber,Onions Loose,4825854
1157,Yorkshire and the Humber,play station 3,4825181
1158,Yorkshire and the Humber,white shirt,4824218
1159,Yorkshire and the Humber,scottish salmon,4823899
1160,Yorkshire and the Humber,raspberries,4822995
1161,Yorkshire and the Humber,gaming keyboard,4822912
1162,Yorkshire and the Humber,hp dv 2000 laptop,4822655
1163,Yorkshire and the Humber,wristwatch,4821933
1164,Yorkshire and the Humber,rice,4821714
1165,Yorkshire and the Humber,pain au raisins,4821079
1166,Yorkshire and the Humber,large king prawns,4820902
1167,Yorkshire and the Humber,pain au chocolate,4819658
1168,Yorkshire and the Humber,semi skimmed milk,4819331
1169,Yorkshire and the Humber,hotpoint washing machine,4819294
1170,Yorkshire and the Humber,red velvet cake,4817283
1171,Yorkshire and the Humber,Lemon,4816934
1172,Yorkshire and the Humber,dell inspiron laptop,4814812
1173,Yorkshire and the Humber,beans,4814630
1174,Yorkshire and the Humber,grey cardigan,4814360
1175,Yorkshire and the Humber,pokemon yellow,4813812
1176,Yorkshire and the Humber,vanilla yoghurt,4813811
1177,Yorkshire and the Humber,pokemon blue,4813119
1178,Yorkshire and the Humber,pokemon red,4812859
1179,Yorkshire and the Humber,courgette loose,4812376
1180,Yorkshire and the Humber,Organic Kefir,4811863
1181,Yorkshire and the Humber,unsalted butter,4811666
1182,Yorkshire and the Humber,dyson washing machine,4811453
1183,Yorkshire and the Humber,Oats Milk,4810780
1184,Yorkshire and the Humber,pink blazers,4810449
1185,Yorkshire and the Humber,fresh turkey steak,4810405
1186,Yorkshire and the Humber,Soy Milk,4810324
1187,Yorkshire and the Humber,21 day mature sirlion steak,4809038
1188,Yorkshire and the Humber,pokemon gold,4808864
1189,Yorkshire and the Humber,Brocolli loose,4808741
1190,Yorkshire and the Humber,olive oil spread,4808226
1191,Yorkshire and the Humber,british fresh chicken thigh fillets,4807358
1192,Yorkshire and the Humber,oxford shirt,4806300
1193,Yorkshire and the Humber,linen shirt,4805663
1194,Yorkshire and the Humber,Almond milk,4802167
1195,Yorkshire and the Humber,21 day mature ribeye steak,4802078
1196,Yorkshire and the Humber,Mixed pepper,4801827
1197,Yorkshire and the Humber,grey blazers,4801655
1198,Yorkshire and the Humber,aubergine,4801588
1199,Yorkshire and the Humber,halo combat evolved,4801057
1200,Yorkshire and the Humber,dyson vacuum cleaner,4800769
1201,Yorkshire and the Humber,samsung washing machine,4800659
1202,Yorkshire and the Humber,baby potatoes,4799921
1203,Yorkshire and the Humber,chicken sausages,4799238
1204,Yorkshire and the Humber,brenton jumper,4798965
1205,Yorkshire and the Humber,salmon fillets,4798794
1206,Yorkshire and the Humber,easy peeler loose,4797748
1207,Yorkshire and the Humber,british bramley cooking apples,4796837
1208,Yorkshire and the Humber,diced chicken breast,4794585
1209,Yorkshire and the Humber,shortbread,4791755
1210,Yorkshire and the Humber,linen trousers,4791636
1211,Yorkshire and the Humber,goat cheese,4790478
1212,Yorkshire and the Humber,organic soured cream,4789989
1213,Yorkshire and the Humber,denim jacket,4789584
1214,Yorkshire and the Humber,custard doughnut,4788603
1215,Yorkshire and the Humber,jam doughnut,4788560
1216,Yorkshire and the Humber,x-box 360,4788260
1217,Yorkshire and the Humber,chocolate twist,4786251
1218,Yorkshire and the Humber,dyson tower fan,4785067
1219,Yorkshire and the Humber,hp envy laptop,4784165
1220,Yorkshire and the Humber,Blueberry yoghurt,4782642
1221,Yorkshire and the Humber,Spring onions bunch,4782548
1222,Yorkshire and the Humber,apple macbook air mid 2009,4781355
1223,Yorkshire and the Humber,british parsnips loose,4776327
1224,Yorkshire and the Humber,fresh whole chicken,4775999
1225,Yorkshire and the Humber,brenton t-shirt,4774504
1226,Yorkshire and the Humber,wellington boots,4774177
1227,Yorkshire and the Humber,mature cheddar cheese,4773953
1228,Yorkshire and the Humber,vernison sausages,4771681
1229,Yorkshire and the Humber,fine beans,4770732
1230,Yorkshire and the Humber,millionaire square,4770408
1231,Yorkshire and the Humber,flapjack,4770076
1232,Yorkshire and the Humber,macaron - x3,4769294
1233,Yorkshire and the Humber,Red pepper,4769058
1234,Yorkshire and the Humber,Sweet potatoes loose,4768377
1235,Yorkshire and the Humber,skimmed milk,4768167
1236,Yorkshire and the Humber,silk scarf,4766241
1237,Yorkshire and the Humber,dual shock controller,4764146
1238,Yorkshire and the Humber,oxford shoes,4761882
1239,Yorkshire and the Humber,silk tie,4748848
1240,Northern Ireland,diced chicken breast,3744391
1241,Northern Ireland,x-box 360,3729560
1242,Northern Ireland,Blueberry yoghurt,3728549
1243,Northern Ireland,minecraft game - xbox,3725780
1244,Northern Ireland,wristwatch,3723041
1245,Northern Ireland,free range large eggs x12,3721964
1246,Northern Ireland,denim jacket,3718334
1247,Northern Ireland,beans,3717502
1248,Northern Ireland,plastic sunshades,3717188
1249,Northern Ireland,denim jeams,3716466
1250,Northern Ireland,gameboy advance,3716282
1251,Northern Ireland,apple macbook air mid 2009,3716182
1252,Northern Ireland,british parsnips loose,3715928
1253,Northern Ireland,flapjack,3713924
1254,Northern Ireland,bosch washing machine,3710731
1255,Northern Ireland,courgette loose,3710232
1256,Northern Ireland,diced vernison,3709704
1257,Northern Ireland,garlic,3709384
1258,Northern Ireland,skimmed milk,3707059
1259,Northern Ireland,fresh whole chicken,3706329
1260,Northern Ireland,british bramley cooking apples,3704079
1261,Northern Ireland,21 day mature ribeye steak,3703979
1262,Northern Ireland,vernison sausages,3703506
1263,Northern Ireland,hotpoint washing machine,3703343
1264,Northern Ireland,fresh turkey steak,3703243
1265,Northern Ireland,brenton t-shirt,3702388
1266,Northern Ireland,gameboy color,3701906
1267,Northern Ireland,oxford shirt,3700511
1268,Northern Ireland,Organic Kefir,3699962
1269,Northern Ireland,pink blazers,3698177
1270,Northern Ireland,linen trousers,3697773
1271,Northern Ireland,pokemon blue,3694311
1272,Northern Ireland,Onions Loose,3694103
1273,Northern Ireland,halo combat evolved,3694024
1274,Northern Ireland,almond croisant,3693669
1275,Northern Ireland,fine beans,3693560
1276,Northern Ireland,celery,3693546
1277,Northern Ireland,grey blazers,3693096
1278,Northern Ireland,21 day mature rump steak,3691154
1279,Northern Ireland,easy peeler loose,3691071
1280,Northern Ireland,gaming keyboard,3689441
1281,Northern Ireland,hp dv 3000 laptop,3687745
1282,Northern Ireland,chicken sausages,3687244
1283,Northern Ireland,Organic mILK,3686794
1284,Northern Ireland,salmon fillets,3686719
1285,Northern Ireland,british fresh chicken brest fillets,3686537
1286,Northern Ireland,hp dv 2000 laptop,3685953
1287,Northern Ireland,dual shock controller,3685157
1288,Northern Ireland,silk scarf,3685003
1289,Northern Ireland,fresh whole turkey,3684402
1290,Northern Ireland,mild cheddar cheese,3684049
1291,Northern Ireland,Slightly salted butter,3683279
1292,Northern Ireland,dyson tower fan,3682190
1293,Northern Ireland,croisant ,3681829
1294,Northern Ireland,Red pepper,3681261
1295,Northern Ireland,dell inspiron laptop,3680651
1296,Northern Ireland,olive oil spread,3680534
1297,Northern Ireland,corn,3680226
1298,Northern Ireland,red velvet cake,3679952
1299,Northern Ireland,chocolate fudge cake,3679921
1300,Northern Ireland,raspberries,3679904
1301,Northern Ireland,Mixed pepper,3679854
1302,Northern Ireland,hp envy laptop,3679827
1303,Northern Ireland,organic soured cream,3679249
1304,Northern Ireland,dyson vacuum cleaner,3678042
1305,Northern Ireland,vanilla yoghurt,3677994
1306,Northern Ireland,god of war 2,3677278
1307,Northern Ireland,semi skimmed milk,3677210
1308,Northern Ireland,wellington boots,3677018
1309,Northern Ireland,classic bowtie,3675118
1310,Northern Ireland,gaming mouse,3674748
1311,Northern Ireland,mature cheddar cheese,3673886
1312,Northern Ireland,white shirt,3673174
1313,Northern Ireland,Plain Greek yoghurt,3673059
1314,Northern Ireland,oxford shoes,3672738
1315,Northern Ireland,jam doughnut,3672431
1316,Northern Ireland,Soy Milk,3671665
1317,Northern Ireland,dyson washing machine,3671119
1318,Northern Ireland,pokemon red,3669683
1319,Northern Ireland,custard doughnut,3669489
1320,Northern Ireland,pain au chocolate,3668764
1321,Northern Ireland,Brocolli loose,3668212
1322,Northern Ireland,apple macbook pro mid 2009,3668049
1323,Northern Ireland,pain au raisins,3667373
1324,Northern Ireland,Sweet potatoes loose,3666880
1325,Northern Ireland,British carrots loose,3666625
1326,Northern Ireland,scottish salmon,3666121
1327,Northern Ireland,shortbread,3666088
1328,Northern Ireland,linen shirt,3665834
1329,Northern Ireland,cod fillets,3665586
1330,Northern Ireland,silk tie,3665050
1331,Northern Ireland,british fresh chicken thigh fillets,3664885
1332,Northern Ireland,sea bass fillets,3662593
1333,Northern Ireland,goat cheese,3662160
1334,Northern Ireland,rice,3661788
1335,Northern Ireland,beef mince,3658486
1336,Northern Ireland,British baking potatoes loose,3657567
1337,Northern Ireland,Spring onions bunch,3657081
1338,Northern Ireland,organic raspberry yoghurt,3656507
1339,Northern Ireland,samsung washing machine,3656248
1340,Northern Ireland,Fairtrade Bananas Loose,3656144
1341,Northern Ireland,blue stilton cheese,3654016
1342,Northern Ireland,baby potatoes,3652618
1343,Northern Ireland,cotton tie,3652021
1344,Northern Ireland,chocolate twist,3651622
1345,Northern Ireland,cheese cake,3651020
1346,Northern Ireland,grey cardigan,3649733
1347,Northern Ireland,beef sausages,3649251
1348,Northern Ireland,21 day mature sirlion steak,3648713
1349,Northern Ireland,Almond milk,3648223
1350,Northern Ireland,lg washing machine,3648038
1351,Northern Ireland,pokemon gold,3647849
1352,Northern Ireland,Oats Milk,3646609
1353,Northern Ireland,millionaire square,3646355
1354,Northern Ireland,british fresh turkey mince,3644650
1355,Northern Ireland,pokemon yellow,3644602
1356,Northern Ireland,aubergine,3644126
1357,Northern Ireland,large king prawns,3643415
1358,Northern Ireland,play station 3,3639966
1359,Northern Ireland,macaron - x3,3639502
1360,Northern Ireland,brenton jumper,3637510
1361,Northern Ireland,unsalted butter,3633675
1362,Northern Ireland,corned beef,3629545
1363,Northern Ireland,Lemon,3619601
1364,North East England,pokemon blue,2852042
1365,North East England,blue stilton cheese,2844599
1366,North East England,beef sausages,2840600
1367,North East England,semi skimmed milk,2836510
1368,North East England,corned beef,2835077
1369,North East England,dyson washing machine,2833768
1370,North East England,Mixed pepper,2833477
1371,North East England,easy peeler loose,2833474
1372,North East England,cheese cake,2833258
1373,North East England,beans,2829238
1374,North East England,silk tie,2826499
1375,North East England,large king prawns,2824974
1376,North East England,21 day mature ribeye steak,2824152
1377,North East England,shortbread,2823277
1378,North East England,white shirt,2822408
1379,North East England,brenton jumper,2822063
1380,North East England,bosch washing machine,2821873
1381,North East England,pokemon red,2820803
1382,North East England,21 day mature rump steak,2820621
1383,North East England,pink blazers,2817193
1384,North East England,diced vernison,2814572
1385,North East England,British baking potatoes loose,2814387
1386,North East England,gameboy color,2813478
1387,North East England,Almond milk,2813465
1388,North East England,organic raspberry yoghurt,2813389
1389,North East England,almond croisant,2812525
1390,North East England,baby potatoes,2811484
1391,North East England,denim jeams,2811253
1392,North East England,goat cheese,2810336
1393,North East England,oxford shoes,2809296
1394,North East England,oxford shirt,2809294
1395,North East England,plastic sunshades,2807521
1396,North East England,scottish salmon,2806886
1397,North East England,aubergine,2806742
1398,North East England,Blueberry yoghurt,2806214
1399,North East England,Slightly salted butter,2805964
1400,North East England,fresh turkey steak,2805784
1401,North East England,denim jacket,2805641
1402,North East England,Soy Milk,2805415
1403,North East England,diced chicken breast,2804222
1404,North East England,Lemon,2803953
1405,North East England,apple macbook air mid 2009,2803538
1406,North East England,dual shock controller,2802864
1407,North East England,unsalted butter,2802457
1408,North East England,jam doughnut,2801543
1409,North East England,pain au raisins,2800359
1410,North East England,minecraft game - xbox,2799645
1411,North East England,British carrots loose,2799573
1412,North East England,custard doughnut,2799515
1413,North East England,fine beans,2799369
1414,North East England,grey blazers,2798160
1415,North East England,linen trousers,2797515
1416,North East England,wristwatch,2796924
1417,North East England,gaming mouse,2796523
1418,North East England,celery,2796382
1419,North East England,chicken sausages,2796299
1420,North East England,dell inspiron laptop,2795885
1421,North East England,Red pepper,2794519
1422,North East England,flapjack,2794319
1423,North East England,free range large eggs x12,2793753
1424,North East England,croisant ,2792086
1425,North East England,vernison sausages,2791688
1426,North East England,gaming keyboard,2791615
1427,North East England,courgette loose,2791373
1428,North East England,cod fillets,2790499
1429,North East England,organic soured cream,2790481
1430,North East England,wellington boots,2789181
1431,North East England,play station 3,2788450
1432,North East England,fresh whole chicken,2788074
1433,North East England,chocolate twist,2787511
1434,North East England,gameboy advance,2786726
1435,North East England,british parsnips loose,2786528
1436,North East England,british bramley cooking apples,2786400
1437,North East England,british fresh turkey mince,2786249
1438,North East England,mature cheddar cheese,2786070
1439,North East England,linen shirt,2785985
1440,North East England,rice,2785425
1441,North East England,grey cardigan,2785332
1442,North East England,classic bowtie,2785160
1443,North East England,pain au chocolate,2784964
1444,North East England,hp dv 2000 laptop,2784866
1445,North East England,Oats Milk,2784430
1446,North East England,mild cheddar cheese,2783289
1447,North East England,skimmed milk,2783119
1448,North East England,Brocolli loose,2782686
1449,North East England,red velvet cake,2782490
1450,North East England,chocolate fudge cake,2782214
1451,North East England,pokemon gold,2782165
1452,North East England,hp dv 3000 laptop,2780575
1453,North East England,british fresh chicken brest fillets,2780412
1454,North East England,raspberries,2780394
1455,North East England,macaron - x3,2780368
1456,North East England,salmon fillets,2779724
1457,North East England,british fresh chicken thigh fillets,2779564
1458,North East England,Spring onions bunch,2778207
1459,North East England,lg washing machine,2777094
1460,North East England,dyson tower fan,2776613
1461,North East England,Plain Greek yoghurt,2776277
1462,North East England,olive oil spread,2775372
1463,North East England,god of war 2,2774734
1464,North East England,millionaire square,2774134
1465,North East England,beef mince,2773874
1466,North East England,brenton t-shirt,2773823
1467,North East England,Sweet potatoes loose,2773437
1468,North East England,Onions Loose,2773142
1469,North East England,garlic,2772659
1470,North East England,samsung washing machine,2772239
1471,North East England,hp envy laptop,2770896
1472,North East England,silk scarf,2770078
1473,North East England,hotpoint washing machine,2769874
1474,North East England,sea bass fillets,2768887
1475,North East England,pokemon yellow,2768253
1476,North East England,cotton tie,2768044
1477,North East England,Organic mILK,2767985
1478,North East England,halo combat evolved,2766521
1479,North East England,Fairtrade Bananas Loose,2763835
1480,North East England,dyson vacuum cleaner,2763371
1481,North East England,fresh whole turkey,2762567
1482,North East England,x-box 360,2758585
1483,North East England,apple macbook pro mid 2009,2757638
1484,North East England,21 day mature sirlion steak,2756832
1485,North East England,Organic Kefir,2756679
1486,North East England,vanilla yoghurt,2755678
1487,North East England,corn,2749004
